zone_id,window,display_label,is_selected_for_lico,start_m,end_m,time_lost_s,time_lost_min_s,time_lost_max_s,fuel_saved_l,live_time_lost_s,support,predicted_fuel_saved_l,predicted_time_lost_s,prospective_time_prediction_error_s,prospective_fuel_prediction_error_l
bhr_t01_t03,frozen,T01-T03,true,350.0,900.0,-0.08438003941591887,-0.10416638825518021,0.028196909406688064,0.028174062761209484,-0.08275175228891385,4,0.03819865578346946,0.10172713948633927,-0.18610717890225814,-0.010024593022259977
bhr_t01_t03,recovery_diagnostic,T01-T03,true,350.0,1150.0,-0.08006551897415193,-0.09401584419720166,0.033944203720238875,0.02868606496181414,-0.07973236428233577,4,0.03819865578346946,0.10172713948633927,,
bhr_t04,frozen,T04,true,1150.0,1680.0,0.04844647574282135,-0.023008962174571934,0.05999993778823409,0.029194047782869603,0.048609457516704424,4,0.03695285668900596,0.09840944215759488,-0.04996296641477353,-0.007758808906136359
bhr_t04,recovery_diagnostic,T04,true,1150.0,1680.0,0.04844647574282135,-0.023008962174571934,0.05999993778823409,0.029194047782869603,0.048609457516704424,4,0.03695285668900596,0.09840944215759488,,
bhr_t05_t07,frozen,T05-T07,false,1681.0,2070.0,0.11232612877302017,0.0678194377978798,0.21220123687999148,0.010001242475052408,0.1097110346718182,4,,,,
bhr_t05_t07,recovery_diagnostic,T05-T07,false,1681.0,2070.0,0.11232612877302017,0.0678194377978798,0.21220123687999148,0.010001242475052408,0.1097110346718182,4,,,,
bhr_t08,frozen,T08,true,2071.0,2350.0,0.040772628189188254,-0.016813089289826166,0.1278157745846329,0.018352272692602867,0.040266637684908346,4,0.02979539630937748,0.07934835334510573,-0.03857572515591748,-0.011443123616774614
bhr_t08,recovery_diagnostic,T08,true,2071.0,2360.0,0.03842064358877906,-0.015926574639706814,0.12773063600434398,0.01852075647428464,0.038450241511782224,4,0.02979539630937748,0.07934835334510573,,
bhr_t10,frozen,T10,true,2360.0,2800.0,0.13284735256138447,0.07437042152650974,0.2900799217986787,0.03385531931038699,0.13290822471844876,4,0.03710685564308231,0.09881955797870852,0.03402779458267595,-0.003251536332695322
bhr_t10,recovery_diagnostic,T10,true,2360.0,3080.0,0.19836937893569484,0.12089608130554552,0.30542813022839255,0.03391424128271581,0.19839481439203155,4,0.03710685564308231,0.09881955797870852,,
bhr_t11,frozen,T11,true,3080.0,3580.0,0.041654787643437885,0.006860440124910383,0.0810311901195746,0.030351868485823275,0.04275526178753353,4,0.03648459944752549,0.09716242262922219,-0.0555076349857843,-0.006132730961702214
bhr_t11,recovery_diagnostic,T11,true,3080.0,3820.0,0.05270669154197094,0.03848849664609588,0.10957446216616518,0.030296340007247125,0.051042649108694604,4,0.03648459944752549,0.09716242262922219,,
bhr_t13,frozen,T13,false,3820.0,4230.0,-0.023824288551622885,-0.0730898111814895,0.01007178779127571,0.0009491829708174748,-0.023587803982081823,4,,,,
bhr_t13,recovery_diagnostic,T13,false,3820.0,4230.0,-0.023824288551622885,-0.0730898111814895,0.01007178779127571,0.0009491829708174748,-0.023587803982081823,4,,,,
bhr_t14_t15,frozen,T14-T15,true,4500.0,5200.0,0.12208162042361437,0.10068036496340937,0.18534781081962137,0.032816363482165656,0.12179942051170656,4,0.040018233208344585,0.10657287038209945,0.015508750041514918,-0.007201869726178929
bhr_t14_t15,recovery_diagnostic,T14-T15,true,4500.0,5350.0,0.12283019624874214,0.10548047211068479,0.19166601608412748,0.03348557015625886,0.12260102000300321,4,0.040018233208344585,0.10657287038209945,,
