target,budget_laps,model,test_count,zone_count,mae,rmse,bias
fuel_saved_l,0,global_prior,12,6,0.0067772004979441075,0.007785676082800278,0.0067772004979441075
fuel_saved_l,1,local_only,12,6,0.002804393518646828,0.0033489663605427242,-0.0011937782182853665
fuel_saved_l,1,prior_adapted,12,6,0.003971470100922444,0.004398682268516152,0.003652806703224045
fuel_saved_l,2,local_only,12,6,0.0033579884538362573,0.0039881143428173805,-0.0009163246710134134
fuel_saved_l,2,prior_adapted,12,6,0.003304288872457744,0.0037354147829808237,0.002593652795702637
time_lost_s,0,global_prior,12,6,0.06462728619685426,0.07535437988088424,0.03350662235134641
time_lost_s,1,local_only,12,6,0.08100325567782869,0.09566112058318889,0.023508731262307483
time_lost_s,1,prior_adapted,12,6,0.06770272165888049,0.07815395403192137,0.030303587961636874
time_lost_s,2,local_only,12,6,0.058553074334526355,0.07589546882005888,0.0008696997323229006
time_lost_s,2,prior_adapted,12,6,0.05924939512803739,0.07191459359441882,0.016835268653013945
