fold_id,evaluation_regime,model_name,target_name,train_count,test_count,test_run_count,fitted_slope,fitted_interaction_slope,mae,rmse,mean_error,zero_baseline_mae,zero_baseline_rmse,mae_improvement_vs_zero,run_macro_mae,run_macro_zero_baseline_mae,run_macro_mae_improvement_vs_zero,status
spa_paul_to_bahrain_zero_lico_shot,cross_circuit_zero_lico_shot_calibrated,pooled_monotone_action_only_v1,fuel_saved_l,184,24,1,0.08456203357793526,,0.0075539005501480015,0.008608700694182774,0.0071480803966899676,0.032029505387038526,0.03243724000746519,0.024475604836890524,0.0075539005501480015,0.032029505387038526,0.024475604836890524,diagnostic_only
spa_paul_to_bahrain_zero_lico_shot,cross_circuit_zero_lico_shot_calibrated,pooled_monotone_action_only_v1,time_lost_s,184,24,1,0.22460823356107515,,0.05699764202646548,0.06596290951670392,0.03263091632828285,0.07458801875386219,0.0916915135721421,0.01759037672739671,0.05699764202646548,0.07458801875386219,0.01759037672739671,diagnostic_only
spa_bahrain_to_paul_zero_lico_shot,cross_circuit_zero_lico_shot_calibrated,pooled_monotone_action_only_v1,fuel_saved_l,162,40,2,0.08248451855393575,,0.006469292718016768,0.009207079626239578,-0.0002296463564025012,0.02748149565308102,0.03171502187741152,0.021012202935064252,0.0063284021457586225,0.028343757965627887,0.022015355819869263,diagnostic_only
spa_bahrain_to_paul_zero_lico_shot,cross_circuit_zero_lico_shot_calibrated,pooled_monotone_action_only_v1,time_lost_s,162,40,2,0.21365130757690748,,0.10561117013654084,0.14102085094559302,-0.010286531362592877,0.1242786738166231,0.16390186165881604,0.018667503680082256,0.1057620569804445,0.1254719044632683,0.01970984748282381,diagnostic_only
paul_bahrain_to_spa_zero_lico_shot,cross_circuit_zero_lico_shot_calibrated,pooled_monotone_action_only_v1,fuel_saved_l,70,138,7,0.07530945113499223,,0.008053342304325303,0.011116274359858977,-0.0033810966921082597,0.039788539168682954,0.04692634090746303,0.03173519686435765,0.008267976016816997,0.0398765117432666,0.0316085357264496,diagnostic_only
paul_bahrain_to_spa_zero_lico_shot,cross_circuit_zero_lico_shot_calibrated,pooled_monotone_action_only_v1,time_lost_s,70,138,7,0.1908822534550708,,0.051452712511059345,0.06999007667901613,-0.0018052971540212788,0.10015205682059809,0.13853737398605423,0.04869934430953875,0.05202087088142613,0.10278620489674702,0.050765334015320886,diagnostic_only
spa_paul_to_bahrain_zero_lico_shot,cross_circuit_zero_lico_shot_calibrated,pooled_monotone_action_only_acceleration_subset_v1,fuel_saved_l,153,24,1,0.08762938349998838,,0.008756155037944982,0.009857834834747359,0.008569183456956305,0.032029505387038526,0.03243724000746519,0.023273350349093544,0.008756155037944982,0.032029505387038526,0.023273350349093544,diagnostic_only
spa_paul_to_bahrain_zero_lico_shot,cross_circuit_zero_lico_shot_calibrated,pooled_monotone_action_only_acceleration_subset_v1,time_lost_s,153,24,1,0.22761350773277536,,0.057716206878200116,0.06667700591796272,0.03402325969662079,0.07458801875386219,0.0916915135721421,0.01687181187566207,0.057716206878200116,0.07458801875386219,0.01687181187566207,diagnostic_only
spa_bahrain_to_paul_zero_lico_shot,cross_circuit_zero_lico_shot_calibrated,pooled_monotone_action_only_acceleration_subset_v1,fuel_saved_l,131,40,2,0.08513562218713816,,0.006361806933189389,0.00917837213242352,0.0006321913626609951,0.02748149565308102,0.03171502187741152,0.021119688719891633,0.006209470430657031,0.028343757965627887,0.022134287534970855,diagnostic_only
spa_bahrain_to_paul_zero_lico_shot,cross_circuit_zero_lico_shot_calibrated,pooled_monotone_action_only_acceleration_subset_v1,time_lost_s,131,40,2,0.21444255601319026,,0.10558862613977651,0.14100673791434354,-0.010029307262034133,0.1242786738166231,0.16390186165881604,0.01869004767684658,0.10573994941013401,0.1254719044632683,0.019731955053134298,diagnostic_only
paul_bahrain_to_spa_zero_lico_shot,cross_circuit_zero_lico_shot_calibrated,pooled_monotone_action_only_acceleration_subset_v1,fuel_saved_l,70,107,7,0.07530945113499223,,0.009150454391010646,0.01235511519074724,-0.005399790871849995,0.04229505519764882,0.049892691954107164,0.03314460080663817,0.009223949203275805,0.04213347198099819,0.03290952277772238,diagnostic_only
paul_bahrain_to_spa_zero_lico_shot,cross_circuit_zero_lico_shot_calibrated,pooled_monotone_action_only_acceleration_subset_v1,time_lost_s,70,107,7,0.1908822534550708,,0.05382785465521017,0.07307266569279354,-0.0019983141142825836,0.10144776481373169,0.14364489632083977,0.04761991015852152,0.0542985571549001,0.10316131309391798,0.04886275593901788,diagnostic_only
spa_paul_to_bahrain_zero_lico_shot,cross_circuit_zero_lico_shot_calibrated,pooled_monotone_action_acceleration_v1,fuel_saved_l,153,24,1,0.08762938349998838,0.0,0.008756155037944982,0.009857834834747359,0.008569183456956305,0.032029505387038526,0.03243724000746519,0.023273350349093544,0.008756155037944982,0.032029505387038526,0.023273350349093544,diagnostic_only
spa_paul_to_bahrain_zero_lico_shot,cross_circuit_zero_lico_shot_calibrated,pooled_monotone_action_acceleration_v1,time_lost_s,153,24,1,0.22761350773277536,0.0,0.057716206878200116,0.06667700591796272,0.03402325969662079,0.07458801875386219,0.0916915135721421,0.01687181187566207,0.057716206878200116,0.07458801875386219,0.01687181187566207,diagnostic_only
spa_bahrain_to_paul_zero_lico_shot,cross_circuit_zero_lico_shot_calibrated,pooled_monotone_action_acceleration_v1,fuel_saved_l,131,40,2,0.08513562218713816,0.0,0.006361806933189389,0.00917837213242352,0.0006321913626609951,0.02748149565308102,0.03171502187741152,0.021119688719891633,0.006209470430657031,0.028343757965627887,0.022134287534970855,diagnostic_only
spa_bahrain_to_paul_zero_lico_shot,cross_circuit_zero_lico_shot_calibrated,pooled_monotone_action_acceleration_v1,time_lost_s,131,40,2,0.21444255601319026,0.0,0.10558862613977651,0.14100673791434354,-0.010029307262034133,0.1242786738166231,0.16390186165881604,0.01869004767684658,0.10573994941013401,0.1254719044632683,0.019731955053134298,diagnostic_only
paul_bahrain_to_spa_zero_lico_shot,cross_circuit_zero_lico_shot_calibrated,pooled_monotone_action_acceleration_v1,fuel_saved_l,70,107,7,0.07241020626105715,0.0011444678118204385,0.009477455446231258,0.012866491561887723,-0.005598079181357334,0.04229505519764882,0.049892691954107164,0.03281759975141756,0.009581691295402883,0.04213347198099819,0.032551780685595305,diagnostic_only
paul_bahrain_to_spa_zero_lico_shot,cross_circuit_zero_lico_shot_calibrated,pooled_monotone_action_acceleration_v1,time_lost_s,70,107,7,0.10631444758118797,0.03338287586849248,0.059624015592685764,0.08654649111976663,-0.007782167494945079,0.10144776481373169,0.14364489632083977,0.041823749221045925,0.06082722126972122,0.10316131309391798,0.04233409182419676,diagnostic_only
